po_number,vendor,order_date,po_quantity,po_unit_price,approved_by,promised_delivery_date
PO1000,Pioneer Logistics,29/01/2026,22,149.6,Mateo García,10/02/2026
PO1001,Flow Freight,27/01/2026,356,149.43,Pavel Horák,03/02/2026
PO1002,Orion Business Services,19/04/2026,26,10.81,Sofia Rossi,01/05/2026
PO1003,Apex Distribution,07/01/2026,297,43.77,Katarina Jovanović,25/01/2026
PO1004,Anchor,25/04/2026,311,59.25,J. Kovacs,05/05/2026
PO1005,IronGate Engineering,19/04/2026,184,59.18,Sofia Rossi,04/05/2026
PO1006,Apex More,24/01/2026,204,23.86,Jakub Novák,06/02/2026
PO1007,BlueLine Logistics,28/04/2026,284,29.34,Laura Schmidt,05/05/2026
PO1008,Helix Innovations,17/03/2026,434,127.58,Jakub Novák,28/03/2026
PO1009,ClearPath Solutions,18/01/2026,33,133.95,Eva Andersson,01/02/2026
PO1010,Zenith Freight,01/03/2026,453,24.7,Anna Kowalska,20/03/2026
PO1011,Pioneer Logistics,04/04/2026,93,77.19,Sofia Rossi,17/04/2026
PO1012,IronGate Engineering,19/01/2026,321,128.82,,31/01/2026
PO1013,Swiftstream Logistics,29/04/2026,204,57.64,Katarina Jovanović,11/05/2026
PO1014,Vantage Partners,25/03/2026,441,154.82,A. Nagy,06/04/2026
PO1015,BlueLine Logistics,22/03/2026,215,57.21,Sofia Rossi,06/04/2026
PO1016,Wayfinder Logistics,08/05/2026,212,177.51,Katarina Jovanović,27/05/2026
PO1017,Vectra Movers,09/03/2026,81,53.09,Pavel Horák,22/03/2026
PO1018,OmegaTech Europe,30/05/2026,229,180.08,Laura Schmidt,15/06/2026
PO1019,Anchor,05/02/2026,270,101.24,Eva Andersson,11/02/2026
PO1020,Shift Cargo,09/02/2026,331,36.2,Felix Bauer,27/02/2026
PO1021,Everest Trading Co.,17/01/2026,207,79.42,Ingrid Hansen,07/02/2026
PO1022,Steadfast,22/05/2026,450,188.77,Felix Bauer,30/05/2026
PO1023,Vantage Partners,18/05/2026,394,57.03,Katarina Jovanović,02/06/2026
PO1024,Shift Cargo,17/03/2026,232,35.84,J. Kovacs,30/03/2026
PO1025,Apex Distribution,15/02/2026,269,182.96,Katarina Jovanović,01/03/2026
PO1026,Pioneer Logistics,10/05/2026,321,43.79,Jakub Novák,20/05/2026
PO1027,FusionWorks Europe,16/05/2026,480,5.11,Elena Petrova,05/06/2026
PO1028,Nordic Freight,29/01/2026,485,75.78,Nicolas Dubois,10/02/2026
PO1029,SameDay,03/03/2026,459,115.63,Camila Cantrell,10/03/2026
PO1030,WestBridge Suppliers,05/05/2026,427,18.5,Eva Andersson,14/05/2026
PO1031,Flow Freight,02/05/2026,494,112.21,Anna Kowalska,23/05/2026
PO1032,Everest Trading Co.,19/04/2026,118,186.14,Eva Andersson,30/04/2026
PO1033,ClearPath Solutions,21/03/2026,214,199.05,Katarina Jovanović,06/04/2026
PO1034,NovaEdge Services,13/05/2026,241,28.6,Mateo García,20/05/2026
PO1035,BlueRiver Logistics,06/01/2026,311,113.01,Emma Johansson,18/01/2026
PO1036,Acme Supplies,19/01/2026,372,128.07,Mateo García,26/01/2026
PO1037,BlueLine Logistics,26/03/2026,46,105.26,Anna Kowalska,15/04/2026
PO1038,Wayfinder Logistics,19/05/2026,77,146.05,Emma Johansson,08/06/2026
PO1039,Pinnacle,02/05/2026,423,84.38,Haley Rivas,10/05/2026
PO1040,Skyline Equipment,21/04/2026,191,87.6,Ingrid Hansen,27/04/2026
PO1041,Vantage Partners,26/01/2026,41,83.51,Elena Petrova,03/02/2026
PO1042,Pinnacle,19/02/2026,107,109.58,Winter Underwood,09/03/2026
PO1043,Quantum Express,13/03/2026,246,53.71,Camila Cantrell,01/04/2026
PO1044,Helix Innovations,26/01/2026,35,132.17,Pavel Horák,31/01/2026
PO1045,Zenith Freight,02/03/2026,95,84.25,Andreas Weber,13/03/2026
PO1046,GlobalTrade Europe,16/01/2026,94,78.9,Laura Schmidt,29/01/2026
PO1047,Titan Machinery Group,15/03/2026,226,140.84,Victor Popescu,04/04/2026
PO1048,Vectra Movers,18/02/2026,161,47.45,A. Nagy,24/02/2026
PO1049,OmegaTech Europe,22/03/2026,39,14.78,Andreas Weber,12/04/2026
PO1050,Continental Solutions,10/02/2026,39,192.35,Camila Cantrell,20/02/2026
PO1051,Mustang101,18/01/2026,355,173.05,Laura Schmidt,26/01/2026
PO1052,DeltaPro Industries,05/03/2026,306,120.93,Thomas Lefèvre,12/03/2026
PO1053,PrimeLine Manufacturing,30/05/2026,299,106.94,Anna Kowalska,10/06/2026
PO1054,Skyline Equipment,22/03/2026,132,56.79,Winter Underwood,05/04/2026
PO1055,Titan Machinery Group,22/03/2026,485,151.61,Camila Cantrell,27/03/2026
PO1056,Titan Machinery Group,25/05/2026,61,19.29,Sofia Rossi,15/06/2026
PO1057,Steadfast,03/02/2026,487,73.06,Camila Cantrell,15/02/2026
PO1058,GreenField Components,14/03/2026,90,90.45,Pavel Horák,28/03/2026
PO1059,QuantumWare Ltd.,16/05/2026,14,135.23,Pavel Horák,30/05/2026
PO1060,Skyline Equipment,27/01/2026,490,176.23,Anna Kowalska,04/02/2026
PO1061,Apex More,22/05/2026,89,58.11,Thomas Lefèvre,02/06/2026
PO1062,ClearPath Solutions,29/03/2026,114,139.06,Anna Kowalska,19/04/2026
PO1063,UrbanSource Supplies,06/03/2026,473,182.09,A. Nagy,13/03/2026
PO1064,Pioneer Logistics,19/04/2026,434,58.95,J. Kovacs,04/05/2026
PO1065,Flow Freight,09/03/2026,92,149.54,Pavel Horák,27/03/2026
PO1066,Helix Innovations,03/01/2026,67,19.67,Marta Nowak,12/01/2026
PO1067,FusionWorks Europe,10/01/2026,437,77,Pavel Horák,19/01/2026
PO1068,SilverOak Consulting,02/02/2026,31,65.11,A. Nagy,18/02/2026
PO1069,Wayfinder Logistics,05/03/2026,351,25.04,Eva Andersson,23/03/2026
PO1070,QuantumWare Ltd.,09/02/2026,483,186.33,Lukas Müller,19/02/2026
PO1071,PrimeLine Manufacturing,07/01/2026,101,148.63,Elena Petrova,25/01/2026
PO1072,Skyline Equipment,05/03/2026,146,36.04,Marta Nowak,13/03/2026
PO1073,AlphaCore Technologies,10/01/2026,449,96.78,Sofia Rossi,29/01/2026
PO1074,Vertex Systems,20/03/2026,430,160.09,Mateo García,01/04/2026
PO1075,Nordic Freight,19/02/2026,214,69.01,Camila Cantrell,04/03/2026
PO1076,Vertex Systems,11/05/2026,214,137.51,Pavel Horák,26/05/2026
PO1077,Nordic Freight,30/01/2026,459,194.23,Lukas Müller,12/02/2026
PO1078,BlueLine Logistics,28/01/2026,315,89.74,Victor Popescu,12/02/2026
PO1079,SilverOak Consulting,11/05/2026,69,80.11,Emma Johansson,22/05/2026
PO1080,Steadfast,12/01/2026,372,90.03,Clara Silva,23/01/2026
PO1081,GreenField Components,21/04/2026,45,190.03,Elena Petrova,06/05/2026
PO1082,Skyline Equipment,01/02/2026,378,180.51,Clara Silva,15/02/2026
PO1083,Skyline Equipment,15/04/2026,177,83.47,Nicolas Dubois,24/04/2026
PO1084,Compass Crate,18/04/2026,350,188.37,Felix Bauer,28/04/2026
PO1085,QuantumWare Ltd.,26/05/2026,164,84.18,J. Kovacs,09/06/2026
PO1086,NordicTech Solutions,23/02/2026,230,158.22,Thomas Lefèvre,10/03/2026
PO1087,Titan Machinery Group,24/04/2026,236,136.75,,14/05/2026
PO1088,OmegaTech Europe,13/02/2026,347,21.54,Clara Silva,28/02/2026
PO1089,Zenith Freight,02/03/2026,354,65.53,Sofia Rossi,11/03/2026
PO1090,Nordic Freight,12/01/2026,135,196.87,Thomas Lefèvre,19/01/2026
PO1091,Titan Machinery Group,17/04/2026,463,127.8,Sofia Rossi,04/05/2026
PO1092,UrbanSource Supplies,13/04/2026,134,33.78,Marta Nowak,18/04/2026
PO1093,Apex More,19/04/2026,122,39.3,Marta Nowak,10/05/2026
PO1094,Titan Machinery Group,13/01/2026,295,53.59,,01/02/2026
PO1095,Flow Freight,29/04/2026,351,108.57,,14/05/2026
PO1096,NovaEdge Services,10/05/2026,228,166.96,Pavel Horák,29/05/2026
PO1097,Swiftstream Logistics,02/05/2026,240,55.54,Mateo García,15/05/2026
PO1098,Continental Solutions,05/05/2026,330,51.65,Ingrid Hansen,12/05/2026
PO1099,ClearPath Solutions,15/03/2026,130,57.98,Elena Petrova,22/03/2026
PO1100,Flow Freight,08/02/2026,128,79.69,Winter Underwood,19/02/2026
PO1101,Mustang101,17/04/2026,218,69.52,Ingrid Hansen,05/05/2026
PO1102,SameDay,22/02/2026,436,86.93,Eva Andersson,27/02/2026
PO1103,DeltaPro Industries,08/04/2026,254,6.15,Jakub Novák,22/04/2026
PO1104,AlphaCore Technologies,18/04/2026,285,150.77,,30/04/2026
PO1105,UrbanSource Supplies,26/02/2026,149,89.99,J. Kovacs,15/03/2026
PO1106,BlueRiver Logistics,14/04/2026,380,37.18,Ingrid Hansen,23/04/2026
PO1107,QuantumWare Ltd.,17/05/2026,23,181.85,Emma Johansson,22/05/2026
PO1108,Zenith Freight,20/04/2026,79,174.04,Lukas Müller,26/04/2026
PO1109,Steadfast,08/04/2026,177,46.27,Elena Petrova,23/04/2026
PO1110,AlphaCore Technologies,13/03/2026,395,190.48,Marco Bianchi,26/03/2026
PO1111,Zenith Freight,01/05/2026,19,151.06,A. Nagy,17/05/2026
PO1112,Anchor,18/01/2026,409,191.67,A. Nagy,23/01/2026
PO1113,Pinnacle,21/02/2026,439,8.97,Winter Underwood,05/03/2026
PO1114,Flow Freight,02/05/2026,352,27.31,Sofia Rossi,21/05/2026
PO1115,IronGate Engineering,07/03/2026,402,76.93,Thomas Lefèvre,15/03/2026
PO1116,Swiftstream Logistics,21/03/2026,65,117.84,Nicolas Dubois,07/04/2026
PO1117,GlobalTrade Europe,20/02/2026,48,120.46,Katarina Jovanović,04/03/2026
PO1118,Apex More,19/03/2026,445,138.43,,25/03/2026
PO1119,Vertex Systems,17/05/2026,229,134,Camila Cantrell,07/06/2026
PO1120,RedStone Materials,29/03/2026,16,170.67,Andreas Weber,06/04/2026
PO1121,SilverOak Consulting,03/04/2026,335,178.86,Ingrid Hansen,12/04/2026
PO1122,SilverOak Consulting,15/02/2026,385,106.74,,28/02/2026
PO1123,QuantumWare Ltd.,18/05/2026,406,99.28,Marco Bianchi,31/05/2026
PO1124,Atlas Industrial Parts,04/03/2026,435,187.25,Anna Kowalska,23/03/2026
PO1125,Pinnacle,29/04/2026,301,124.01,Laura Schmidt,14/05/2026
PO1126,Nordic Freight,07/05/2026,445,68.38,Andreas Weber,18/05/2026
PO1127,Vertex Systems,08/03/2026,184,59.53,Thomas Lefèvre,21/03/2026
PO1128,Helix Innovations,03/01/2026,274,189.87,Camila Cantrell,15/01/2026
PO1129,WestBridge Suppliers,15/04/2026,260,113.26,Mateo García,05/05/2026
PO1130,RedStone Materials,06/05/2026,239,159.62,Camila Cantrell,20/05/2026
PO1131,Anchor,14/04/2026,364,52.44,Felix Bauer,30/04/2026
PO1132,BrightWave Electronics,22/05/2026,281,72.03,,06/06/2026
PO1133,Vertex Systems,27/04/2026,148,64.79,Mateo García,05/05/2026
PO1134,WestBridge Suppliers,19/02/2026,171,28.31,Pavel Horák,01/03/2026
PO1135,Compass Crate,25/02/2026,388,99.42,,18/03/2026
PO1136,Everest Trading Co.,14/03/2026,61,167.36,Nicolas Dubois,26/03/2026
PO1137,GreenField Components,15/02/2026,164,7.76,Pavel Horák,24/02/2026
PO1138,Vanguard,12/01/2026,37,112.9,Marta Nowak,21/01/2026
PO1139,Pioneer Logistics,06/05/2026,62,175.18,Emma Johansson,20/05/2026
PO1140,BrightWave Electronics,03/05/2026,235,71.44,A. Nagy,16/05/2026
PO1141,BrightWave Electronics,30/01/2026,430,17.74,Andreas Weber,06/02/2026
PO1142,DeltaPro Industries,14/01/2026,87,34.09,Emma Johansson,28/01/2026
PO1143,Zenith Freight,05/03/2026,70,113.82,,17/03/2026
PO1144,Continental Solutions,08/04/2026,240,182.16,Nicolas Dubois,26/04/2026
PO1145,EuroSupply GmbH,26/05/2026,327,16.74,Victor Popescu,03/06/2026
PO1146,Wayfinder Logistics,24/02/2026,145,133.78,Lukas Müller,08/03/2026
PO1147,Quantum Express,22/05/2026,48,35.52,Marco Bianchi,10/06/2026
PO1148,IronGate Engineering,01/05/2026,159,11.36,Nicolas Dubois,15/05/2026
PO1149,IronGate Engineering,27/04/2026,46,139.04,Anna Kowalska,08/05/2026
PO1150,SilverOak Consulting,30/01/2026,288,48.84,Winter Underwood,12/02/2026
PO1151,Vectra Movers,19/01/2026,40,37.35,Nicolas Dubois,02/02/2026
PO1152,NovaEdge Services,01/02/2026,249,139.29,Marta Nowak,18/02/2026
PO1153,Vanguard,09/05/2026,286,101.29,Camila Cantrell,15/05/2026
PO1154,SilverOak Consulting,24/03/2026,319,53.82,Camila Cantrell,05/04/2026
PO1155,Vantage Partners,28/05/2026,310,190.4,Eva Andersson,10/06/2026
PO1156,DeltaPro Industries,11/01/2026,400,152.47,Andreas Weber,01/02/2026
PO1157,RedStone Materials,24/04/2026,479,59.24,Emma Johansson,12/05/2026
PO1158,Pioneer Logistics,06/05/2026,56,96.65,Marco Bianchi,21/05/2026
PO1159,Atlas Industrial Parts,27/01/2026,449,36.36,Marco Bianchi,16/02/2026
PO1160,NordicTech Solutions,13/04/2026,426,153.3,A. Nagy,02/05/2026
PO1161,Zenith Freight,22/03/2026,139,68.04,Eva Andersson,08/04/2026
PO1162,Apex Distribution,01/01/2026,346,174.53,Ingrid Hansen,19/01/2026
PO1163,SameDay,18/02/2026,275,75.55,Eva Andersson,10/03/2026
PO1164,Pioneer Logistics,24/04/2026,399,15.06,Anna Kowalska,03/05/2026
PO1165,NordicTech Solutions,23/04/2026,460,141.16,Haley Rivas,28/04/2026
PO1166,Pioneer Logistics,03/03/2026,373,35.88,Pavel Horák,08/03/2026
PO1167,Helix Innovations,15/04/2026,57,48.82,Haley Rivas,04/05/2026
PO1168,Shift Cargo,09/02/2026,265,186.87,,02/03/2026
PO1169,ClearPath Solutions,11/03/2026,222,167.77,Andreas Weber,23/03/2026
PO1170,Titan Machinery Group,22/05/2026,84,79.8,Thomas Lefèvre,12/06/2026
PO1171,OmegaTech Europe,04/02/2026,452,18.61,Eva Andersson,22/02/2026
PO1172,BlueRiver Logistics,10/05/2026,146,165.01,Nicolas Dubois,24/05/2026
PO1173,Orion Business Services,29/05/2026,347,100.48,Winter Underwood,17/06/2026
PO1174,FusionWorks Europe,04/05/2026,186,69.83,Eva Andersson,21/05/2026
PO1175,Titan Machinery Group,24/03/2026,455,41.79,Marta Nowak,05/04/2026
PO1176,DeltaPro Industries,09/04/2026,129,171.92,Marco Bianchi,15/04/2026
PO1177,Atlas Industrial Parts,02/05/2026,371,183.12,Laura Schmidt,19/05/2026
PO1178,Skyline Equipment,08/02/2026,263,193.14,Winter Underwood,01/03/2026
PO1179,Orion Business Services,26/03/2026,455,24.57,Ingrid Hansen,03/04/2026
PO1180,Continental Solutions,27/04/2026,17,145.88,Marco Bianchi,06/05/2026
PO1181,Mustang101,01/05/2026,410,193.99,Elena Petrova,18/05/2026
PO1182,RedStone Materials,21/01/2026,446,69.07,Felix Bauer,07/02/2026
PO1183,Atlas Industrial Parts,05/05/2026,456,110.5,Thomas Lefèvre,12/05/2026
PO1184,Pinnacle,15/03/2026,126,150.62,Marco Bianchi,23/03/2026
PO1185,Pioneer Logistics,26/01/2026,237,37.44,Nicolas Dubois,31/01/2026
PO1186,BlueLine Logistics,25/03/2026,417,15.94,Jakub Novák,10/04/2026
PO1187,SilverOak Consulting,07/02/2026,135,108.58,Emma Johansson,17/02/2026
PO1188,Swiftstream Logistics,14/02/2026,50,123.85,Laura Schmidt,26/02/2026
PO1189,UrbanSource Supplies,30/05/2026,83,50.28,Katarina Jovanović,12/06/2026
PO1190,Titan Machinery Group,07/03/2026,351,6.83,Ingrid Hansen,21/03/2026
PO1191,Vantage Partners,20/05/2026,90,19.4,Jakub Novák,03/06/2026
PO1192,Pioneer Logistics,19/04/2026,363,53.77,,30/04/2026
PO1193,AlphaCore Technologies,04/05/2026,64,51.26,Emma Johansson,20/05/2026
PO1194,DeltaPro Industries,17/03/2026,368,62.57,Felix Bauer,03/04/2026
PO1195,Vanguard,03/01/2026,299,173.69,Eva Andersson,09/01/2026
PO1196,Everest Trading Co.,08/05/2026,436,181.31,Nicolas Dubois,20/05/2026
PO1197,Everest Trading Co.,01/04/2026,122,129.14,Thomas Lefèvre,14/04/2026
PO1198,Vantage Partners,05/02/2026,331,23.95,Katarina Jovanović,11/02/2026
PO1199,EuroSupply GmbH,23/04/2026,27,118.02,Victor Popescu,02/05/2026
PO1200,Zenith Freight,17/03/2026,177,150.76,Lukas Müller,28/03/2026
PO1201,Flow Freight,19/05/2026,458,194.44,Clara Silva,09/06/2026
PO1202,Vanguard,12/02/2026,141,183.24,Andreas Weber,26/02/2026
PO1203,OmegaTech Europe,28/03/2026,421,27.46,Camila Cantrell,06/04/2026
PO1204,Anchor,12/04/2026,443,161.89,Jakub Novák,19/04/2026
PO1205,GlobalTrade Europe,04/01/2026,145,109.63,Ingrid Hansen,20/01/2026
PO1206,Vantage Partners,09/03/2026,309,79.3,Katarina Jovanović,25/03/2026
PO1207,Apex More,01/03/2026,251,9.88,Pavel Horák,16/03/2026
PO1208,QuantumWare Ltd.,26/02/2026,341,17.33,Ingrid Hansen,12/03/2026
PO1209,RedStone Materials,15/04/2026,69,32.26,A. Nagy,29/04/2026
PO1210,UrbanSource Supplies,30/01/2026,59,50.79,Pavel Horák,08/02/2026
PO1211,AlphaCore Technologies,27/04/2026,199,135.74,Victor Popescu,15/05/2026
PO1212,Orion Business Services,09/02/2026,463,85.9,Haley Rivas,01/03/2026
PO1213,QuantumWare Ltd.,15/04/2026,490,190.55,A. Nagy,01/05/2026
PO1214,Wayfinder Logistics,24/04/2026,237,190.36,Jakub Novák,02/05/2026
PO1215,Vantage Partners,05/04/2026,288,180.83,Katarina Jovanović,21/04/2026
PO1216,SameDay,12/04/2026,151,42.01,Haley Rivas,01/05/2026
PO1217,Zenith Freight,24/02/2026,338,129.7,J. Kovacs,02/03/2026
PO1218,BlueRiver Logistics,04/03/2026,74,158.46,Sofia Rossi,11/03/2026
PO1219,Helix Innovations,23/02/2026,310,47.11,Mateo García,10/03/2026
PO1220,Vectra Movers,01/01/2026,151,172.39,Winter Underwood,10/01/2026
PO1221,FusionWorks Europe,06/03/2026,418,39.03,Felix Bauer,11/03/2026
PO1222,Flow Freight,04/01/2026,193,159.05,Mateo García,19/01/2026
PO1223,Nordic Freight,14/02/2026,145,15.22,Victor Popescu,04/03/2026
PO1224,Continental Solutions,30/01/2026,391,17.39,Ingrid Hansen,15/02/2026
PO1225,Apex Distribution,28/01/2026,241,103.25,Thomas Lefèvre,03/02/2026
PO1226,WestBridge Suppliers,14/05/2026,164,94.32,J. Kovacs,20/05/2026
PO1227,BrightWave Electronics,13/04/2026,228,138.79,Andreas Weber,02/05/2026
PO1228,Mustang101,21/01/2026,174,123.62,Camila Cantrell,30/01/2026
PO1229,Vanguard,30/05/2026,290,143.87,Laura Schmidt,20/06/2026
PO1230,NordicTech Solutions,27/04/2026,268,123.06,Haley Rivas,05/05/2026
PO1231,RedStone Materials,22/05/2026,379,173.77,Marco Bianchi,10/06/2026
PO1232,Anchor,16/04/2026,183,166.35,Laura Schmidt,04/05/2026
PO1233,WestBridge Suppliers,25/01/2026,170,88.22,,07/02/2026
PO1234,GreenField Components,09/02/2026,361,184.98,Camila Cantrell,16/02/2026
PO1235,Zenith Freight,24/01/2026,231,23.83,Victor Popescu,09/02/2026
PO1236,Flow Freight,23/05/2026,40,119.36,Pavel Horák,07/06/2026
PO1237,Skyline Equipment,01/02/2026,220,73.95,Felix Bauer,19/02/2026
PO1238,WestBridge Suppliers,14/01/2026,157,122.08,Jakub Novák,22/01/2026
PO1239,DeltaPro Industries,10/05/2026,118,35.17,Andreas Weber,22/05/2026
PO1240,Apex More,31/03/2026,442,113.47,Haley Rivas,13/04/2026
PO1241,DeltaPro Industries,27/02/2026,423,88.68,Pavel Horák,04/03/2026
PO1242,Everest Trading Co.,10/03/2026,24,40.18,Marta Nowak,24/03/2026
PO1243,BlueRiver Logistics,31/03/2026,13,40.37,Winter Underwood,17/04/2026
PO1244,Mustang101,06/02/2026,389,128.47,J. Kovacs,13/02/2026
PO1245,OmegaTech Europe,16/05/2026,120,78.36,Ingrid Hansen,31/05/2026
PO1246,Swiftstream Logistics,05/04/2026,169,145.71,Eva Andersson,12/04/2026
PO1247,SameDay,09/02/2026,90,152.11,A. Nagy,16/02/2026
PO1248,Vanguard,24/04/2026,348,87.68,Thomas Lefèvre,13/05/2026
PO1249,PrimeLine Manufacturing,11/03/2026,120,152.21,Haley Rivas,27/03/2026
PO1250,SilverOak Consulting,29/01/2026,155,137.25,Emma Johansson,18/02/2026
PO1251,Continental Solutions,20/03/2026,33,48,Thomas Lefèvre,26/03/2026
PO1252,Acme Supplies,22/02/2026,164,189.34,Eva Andersson,03/03/2026
PO1253,Steadfast,16/03/2026,177,28.4,,03/04/2026
PO1254,Quantum Express,03/02/2026,204,108.85,Mateo García,24/02/2026
PO1255,Helix Innovations,01/04/2026,46,82.43,Victor Popescu,07/04/2026
PO1256,SilverOak Consulting,05/01/2026,245,184.63,Elena Petrova,23/01/2026
PO1257,DeltaPro Industries,14/04/2026,373,129.83,Nicolas Dubois,22/04/2026
PO1258,GlobalTrade Europe,06/01/2026,176,38.52,Thomas Lefèvre,25/01/2026
PO1259,IronGate Engineering,03/04/2026,55,90.16,Haley Rivas,15/04/2026
PO1260,SilverOak Consulting,31/05/2026,215,107.17,Laura Schmidt,14/06/2026
PO1261,OmegaTech Europe,28/03/2026,123,69.95,Lukas Müller,04/04/2026
PO1262,Apex Distribution,30/01/2026,281,104.44,Eva Andersson,15/02/2026
PO1263,Vertex Systems,07/02/2026,130,25.05,Anna Kowalska,18/02/2026
PO1264,Quantum Express,09/02/2026,399,153.03,Camila Cantrell,19/02/2026
PO1265,Pioneer Logistics,07/05/2026,247,152.12,Eva Andersson,26/05/2026
PO1266,Vantage Partners,25/05/2026,339,128.88,Thomas Lefèvre,09/06/2026
PO1267,Pioneer Logistics,22/03/2026,87,90.75,Andreas Weber,10/04/2026
PO1268,Pioneer Logistics,19/03/2026,417,58.56,A. Nagy,04/04/2026
PO1269,Apex Distribution,19/01/2026,168,95.04,A. Nagy,25/01/2026
PO1270,GreenField Components,15/03/2026,49,130.71,Camila Cantrell,05/04/2026
PO1271,AlphaCore Technologies,29/04/2026,307,113.09,Victor Popescu,05/05/2026
PO1272,NovaEdge Services,27/05/2026,343,41.71,Thomas Lefèvre,16/06/2026
PO1273,Apex Distribution,08/02/2026,500,17.07,Haley Rivas,23/02/2026
PO1274,ClearPath Solutions,22/01/2026,268,130.99,A. Nagy,03/02/2026
PO1275,ClearPath Solutions,23/04/2026,234,107.19,,03/05/2026
PO1276,GreenField Components,06/04/2026,479,60.16,Marco Bianchi,21/04/2026
PO1277,Vantage Partners,14/01/2026,414,128.02,,21/01/2026
PO1278,BlueRiver Logistics,25/01/2026,295,137.28,Nicolas Dubois,07/02/2026
PO1279,WestBridge Suppliers,08/02/2026,180,20.89,Felix Bauer,17/02/2026
PO1280,Vertex Systems,21/03/2026,345,141.2,Laura Schmidt,30/03/2026
PO1281,Everest Trading Co.,22/01/2026,168,113.99,Katarina Jovanović,06/02/2026
PO1282,Flow Freight,15/05/2026,57,130.97,Marco Bianchi,05/06/2026
PO1283,GreenField Components,05/01/2026,195,65.23,Sofia Rossi,20/01/2026
PO1284,UrbanSource Supplies,19/02/2026,125,200,Winter Underwood,26/02/2026
PO1285,NordicTech Solutions,26/01/2026,269,155.32,Victor Popescu,16/02/2026
PO1286,BlueLine Logistics,28/03/2026,458,154.43,Winter Underwood,14/04/2026
PO1287,Vectra Movers,11/02/2026,102,167.11,Eva Andersson,21/02/2026
PO1288,WestBridge Suppliers,23/04/2026,32,85.12,Felix Bauer,05/05/2026
PO1289,NovaEdge Services,14/03/2026,395,150.96,Ingrid Hansen,26/03/2026
PO1290,FusionWorks Europe,03/03/2026,168,193.29,Andreas Weber,14/03/2026
PO1291,GreenField Components,27/05/2026,235,95.03,Nicolas Dubois,13/06/2026
PO1292,Apex Distribution,16/05/2026,224,193.42,Sofia Rossi,25/05/2026
PO1293,Steadfast,14/01/2026,338,98.72,Jakub Novák,22/01/2026
PO1294,ClearPath Solutions,13/05/2026,445,29.31,Camila Cantrell,23/05/2026
PO1295,Vanguard,26/04/2026,473,105.1,Marco Bianchi,03/05/2026
PO1296,Anchor,26/04/2026,462,73.17,J. Kovacs,14/05/2026
PO1297,SameDay,12/04/2026,267,77.92,Laura Schmidt,19/04/2026
PO1298,GreenField Components,27/02/2026,24,67.14,Haley Rivas,14/03/2026
PO1299,Vectra Movers,05/02/2026,29,60.94,,14/02/2026
PO1300,ClearPath Solutions,01/05/2026,239,124.99,Camila Cantrell,06/05/2026
PO1301,Steadfast,25/02/2026,437,34.16,Victor Popescu,18/03/2026
PO1302,SilverOak Consulting,29/01/2026,407,61.18,Nicolas Dubois,06/02/2026
PO1303,SameDay,03/03/2026,224,129.6,Thomas Lefèvre,22/03/2026
PO1304,Mustang101,29/01/2026,438,181.5,Thomas Lefèvre,03/02/2026
PO1305,Pioneer Logistics,12/05/2026,304,52.18,Winter Underwood,26/05/2026
PO1306,SilverOak Consulting,01/01/2026,324,73.8,Emma Johansson,19/01/2026
PO1307,Quantum Express,22/01/2026,278,195.06,Camila Cantrell,12/02/2026
PO1308,FusionWorks Europe,10/05/2026,412,197.72,Pavel Horák,15/05/2026
PO1309,AlphaCore Technologies,01/05/2026,32,128.96,Jakub Novák,14/05/2026
PO1310,OmegaTech Europe,05/01/2026,192,158.76,Jakub Novák,17/01/2026
PO1311,WestBridge Suppliers,27/01/2026,405,118.47,Eva Andersson,11/02/2026
PO1312,Flow Freight,12/01/2026,190,111.47,Katarina Jovanović,22/01/2026
PO1313,Vantage Partners,29/04/2026,366,98.31,Lukas Müller,08/05/2026
PO1314,Mustang101,28/04/2026,28,62.22,A. Nagy,09/05/2026
PO1315,BlueLine Logistics,22/03/2026,487,65.46,Laura Schmidt,11/04/2026
PO1316,Steadfast,10/01/2026,395,131.15,Nicolas Dubois,26/01/2026
PO1317,SameDay,26/03/2026,149,29.27,Jakub Novák,13/04/2026
PO1318,GlobalTrade Europe,23/04/2026,468,191.51,Elena Petrova,03/05/2026
PO1319,UrbanSource Supplies,08/05/2026,198,185.24,Clara Silva,21/05/2026
PO1320,Zenith Freight,19/04/2026,50,88.97,,03/05/2026
PO1321,Atlas Industrial Parts,27/01/2026,50,68.94,Nicolas Dubois,10/02/2026
PO1322,NovaEdge Services,20/04/2026,95,139.5,Jakub Novák,09/05/2026
PO1323,BlueLine Logistics,01/04/2026,324,199.64,Anna Kowalska,07/04/2026
PO1324,Mustang101,14/04/2026,196,105.05,Victor Popescu,24/04/2026
PO1325,Nordic Freight,06/02/2026,444,123.48,Ingrid Hansen,12/02/2026
PO1326,Flow Freight,18/01/2026,130,156.81,Jakub Novák,03/02/2026
PO1327,AlphaCore Technologies,26/05/2026,26,122.99,Felix Bauer,14/06/2026
PO1328,GreenField Components,06/04/2026,237,153.8,Emma Johansson,15/04/2026
PO1329,Continental Solutions,04/04/2026,213,66.31,,16/04/2026
PO1330,Shift Cargo,07/01/2026,386,41.28,Clara Silva,24/01/2026
PO1331,Helix Innovations,31/01/2026,144,156.12,Marta Nowak,19/02/2026
PO1332,Wayfinder Logistics,15/03/2026,365,183.71,Andreas Weber,26/03/2026
PO1333,Shift Cargo,04/02/2026,446,19.44,Lukas Müller,23/02/2026
PO1334,Zenith Freight,23/03/2026,351,72.75,Camila Cantrell,06/04/2026
PO1335,EuroSupply GmbH,10/02/2026,374,143.36,Marta Nowak,20/02/2026
PO1336,GreenField Components,11/05/2026,124,28.67,Sofia Rossi,20/05/2026
PO1337,Pinnacle,07/05/2026,23,75.37,Emma Johansson,23/05/2026
PO1338,Titan Machinery Group,22/05/2026,76,124.33,Camila Cantrell,29/05/2026
PO1339,EuroSupply GmbH,12/04/2026,377,145.18,Clara Silva,30/04/2026
PO1340,PrimeLine Manufacturing,28/05/2026,47,29.44,Elena Petrova,04/06/2026
PO1341,NovaEdge Services,30/04/2026,358,105.89,Winter Underwood,10/05/2026
PO1342,Flow Freight,21/04/2026,267,182.59,A. Nagy,29/04/2026
PO1343,Continental Solutions,09/02/2026,165,37.11,Elena Petrova,21/02/2026
PO1344,Vertex Systems,13/05/2026,468,60.39,Camila Cantrell,26/05/2026
PO1345,Compass Crate,22/05/2026,150,29.41,Nicolas Dubois,29/05/2026
PO1346,Apex Distribution,13/02/2026,313,188.61,Winter Underwood,23/02/2026
PO1347,Skyline Equipment,28/03/2026,441,185.17,A. Nagy,02/04/2026
PO1348,Zenith Freight,12/01/2026,495,130.08,Emma Johansson,25/01/2026
PO1349,RedStone Materials,23/02/2026,402,116.57,Thomas Lefèvre,28/02/2026
PO1350,UrbanSource Supplies,20/05/2026,158,130.17,Nicolas Dubois,09/06/2026
PO1351,Pinnacle,14/04/2026,162,93.44,Marta Nowak,20/04/2026
PO1352,Swiftstream Logistics,23/04/2026,222,99.43,Sofia Rossi,08/05/2026
PO1353,Everest Trading Co.,06/02/2026,170,172.99,Elena Petrova,22/02/2026
PO1354,GlobalTrade Europe,03/02/2026,399,77.26,Pavel Horák,11/02/2026
PO1355,Atlas Industrial Parts,03/03/2026,248,28.89,Ingrid Hansen,15/03/2026
PO1356,Vectra Movers,25/01/2026,35,61.59,Laura Schmidt,12/02/2026
PO1357,Pinnacle,10/02/2026,426,68.85,Emma Johansson,25/02/2026
PO1358,Compass Crate,10/02/2026,265,199.21,Ingrid Hansen,02/03/2026
PO1359,EuroSupply GmbH,08/05/2026,21,22.56,Laura Schmidt,29/05/2026
PO1360,Titan Machinery Group,03/03/2026,120,118.75,A. Nagy,09/03/2026
PO1361,NordicTech Solutions,07/05/2026,315,177.06,Katarina Jovanović,27/05/2026
PO1362,NordicTech Solutions,18/05/2026,14,170.2,Marco Bianchi,27/05/2026
PO1363,Steadfast,04/04/2026,401,83.63,A. Nagy,21/04/2026
PO1364,SameDay,26/05/2026,297,42.96,Pavel Horák,09/06/2026
PO1365,Mustang101,09/04/2026,268,92.82,Pavel Horák,22/04/2026
PO1366,QuantumWare Ltd.,31/01/2026,75,195.14,Laura Schmidt,16/02/2026
PO1367,BlueRiver Logistics,23/05/2026,490,76.29,Winter Underwood,03/06/2026
PO1368,Everest Trading Co.,11/05/2026,215,102.52,A. Nagy,17/05/2026
PO1369,Flow Freight,27/03/2026,421,97.38,Ingrid Hansen,05/04/2026
PO1370,Everest Trading Co.,12/05/2026,81,68.95,Thomas Lefèvre,27/05/2026
PO1371,Swiftstream Logistics,11/04/2026,325,149.17,Nicolas Dubois,26/04/2026
PO1372,Apex Distribution,11/05/2026,282,100.52,Emma Johansson,25/05/2026
PO1373,BrightWave Electronics,05/01/2026,198,69.59,Haley Rivas,23/01/2026
PO1374,Orion Business Services,20/03/2026,417,180.26,Marta Nowak,25/03/2026
PO1375,Everest Trading Co.,02/05/2026,145,193.58,Eva Andersson,14/05/2026
PO1376,WestBridge Suppliers,14/01/2026,308,98.69,Clara Silva,31/01/2026
PO1377,Vectra Movers,04/03/2026,26,116.65,Marta Nowak,12/03/2026
PO1378,Compass Crate,05/01/2026,235,66.17,Winter Underwood,23/01/2026
PO1379,IronGate Engineering,22/02/2026,220,102.85,Thomas Lefèvre,14/03/2026
PO1380,OmegaTech Europe,16/01/2026,371,31.93,Sofia Rossi,31/01/2026
PO1381,Skyline Equipment,03/05/2026,279,78.48,Lukas Müller,22/05/2026
PO1382,FusionWorks Europe,29/03/2026,289,74.09,Eva Andersson,11/04/2026
PO1383,QuantumWare Ltd.,04/05/2026,108,191.68,Anna Kowalska,18/05/2026
PO1384,Anchor,18/03/2026,404,61.36,,07/04/2026
PO1385,Atlas Industrial Parts,03/05/2026,188,114.3,Victor Popescu,16/05/2026
PO1386,NordicTech Solutions,01/02/2026,303,136.94,Laura Schmidt,18/02/2026
PO1387,Vertex Systems,07/02/2026,158,13.2,Marta Nowak,14/02/2026
PO1388,Vertex Systems,24/04/2026,345,55.01,Andreas Weber,05/05/2026
PO1389,Compass Crate,18/05/2026,148,186.94,Marta Nowak,31/05/2026
PO1390,Flow Freight,28/01/2026,325,149.47,Mateo García,09/02/2026
PO1391,SameDay,16/05/2026,125,129.4,A. Nagy,24/05/2026
PO1392,PrimeLine Manufacturing,26/03/2026,377,97.12,Felix Bauer,04/04/2026
PO1393,Acme Supplies,21/05/2026,485,35.8,Katarina Jovanović,10/06/2026
PO1394,BrightWave Electronics,21/02/2026,397,192.96,Elena Petrova,07/03/2026
PO1395,RedStone Materials,16/01/2026,474,154.9,Katarina Jovanović,28/01/2026
PO1396,FusionWorks Europe,10/01/2026,477,184.69,Marco Bianchi,20/01/2026
PO1397,BlueLine Logistics,12/04/2026,413,101.6,Victor Popescu,26/04/2026
PO1398,BlueLine Logistics,03/01/2026,162,115.75,Haley Rivas,18/01/2026
PO1399,NordicTech Solutions,27/04/2026,338,110.94,Andreas Weber,06/05/2026
PO1400,Apex Distribution,30/04/2026,149,42.6,Haley Rivas,15/05/2026
PO1401,Swiftstream Logistics,28/04/2026,341,55.17,Lukas Müller,03/05/2026
PO1402,OmegaTech Europe,28/03/2026,414,62.53,Felix Bauer,08/04/2026
PO1403,Quantum Express,14/04/2026,433,88.4,Elena Petrova,21/04/2026
PO1404,GlobalTrade Europe,25/01/2026,104,196.43,Andreas Weber,09/02/2026
PO1405,Pinnacle,02/01/2026,143,79.8,Ingrid Hansen,15/01/2026
PO1406,BlueRiver Logistics,19/03/2026,308,145.96,J. Kovacs,01/04/2026
PO1407,RedStone Materials,03/04/2026,364,51.08,Felix Bauer,11/04/2026
PO1408,Titan Machinery Group,20/03/2026,91,84.06,Clara Silva,03/04/2026
PO1409,IronGate Engineering,31/01/2026,337,183.65,Nicolas Dubois,16/02/2026
PO1410,QuantumWare Ltd.,26/02/2026,122,191.69,,07/03/2026
PO1411,Titan Machinery Group,06/04/2026,222,141.88,Andreas Weber,17/04/2026
PO1412,Pinnacle,21/01/2026,279,92.12,Marta Nowak,06/02/2026
PO1413,Mustang101,25/05/2026,67,17.04,Pavel Horák,15/06/2026
PO1414,Compass Crate,27/05/2026,284,34.22,Elena Petrova,17/06/2026
PO1415,NovaEdge Services,30/01/2026,358,45.05,Emma Johansson,19/02/2026
PO1416,Zenith Freight,11/05/2026,238,162.69,Ingrid Hansen,20/05/2026
PO1417,Apex Distribution,17/04/2026,243,114.96,Pavel Horák,06/05/2026
PO1418,Vantage Partners,20/03/2026,380,9.25,Anna Kowalska,25/03/2026
PO1419,OmegaTech Europe,25/02/2026,306,19.24,Marco Bianchi,13/03/2026
PO1420,IronGate Engineering,17/01/2026,287,198.85,Camila Cantrell,06/02/2026
PO1421,BlueLine Logistics,15/03/2026,219,40.1,Winter Underwood,02/04/2026
PO1422,GreenField Components,08/04/2026,239,174.58,Laura Schmidt,25/04/2026
PO1423,Zenith Freight,19/05/2026,78,132.44,Jakub Novák,27/05/2026
PO1424,Quantum Express,18/05/2026,211,108.12,Victor Popescu,30/05/2026
PO1425,Acme Supplies,06/01/2026,162,95.29,Victor Popescu,24/01/2026
PO1426,FusionWorks Europe,08/04/2026,431,49.78,Ingrid Hansen,24/04/2026
PO1427,Vectra Movers,12/03/2026,106,187.8,Victor Popescu,20/03/2026
PO1428,BlueLine Logistics,18/04/2026,324,154.38,J. Kovacs,30/04/2026
PO1429,Wayfinder Logistics,18/01/2026,61,120.82,Ingrid Hansen,24/01/2026
PO1430,Pinnacle,12/01/2026,215,90.6,Pavel Horák,23/01/2026
PO1431,SameDay,05/02/2026,267,198.73,Mateo García,20/02/2026
PO1432,DeltaPro Industries,24/03/2026,131,63.84,Winter Underwood,14/04/2026
PO1433,Anchor,16/04/2026,163,58.66,Pavel Horák,26/04/2026
PO1434,Pioneer Logistics,20/04/2026,294,101.65,Jakub Novák,07/05/2026
PO1435,Continental Solutions,23/03/2026,366,86.18,Winter Underwood,06/04/2026
PO1436,AlphaCore Technologies,17/02/2026,396,109.9,Mateo García,01/03/2026
PO1437,EuroSupply GmbH,06/02/2026,422,95.29,,24/02/2026
PO1438,PrimeLine Manufacturing,23/05/2026,281,31.15,Mateo García,05/06/2026
PO1439,Wayfinder Logistics,26/03/2026,341,20.42,Ingrid Hansen,11/04/2026
PO1440,Zenith Freight,18/05/2026,380,166.73,A. Nagy,31/05/2026
PO1441,AlphaCore Technologies,11/01/2026,457,19.19,Eva Andersson,22/01/2026
PO1442,BrightWave Electronics,23/02/2026,455,181.87,,28/02/2026
PO1443,Wayfinder Logistics,18/02/2026,389,27.88,Eva Andersson,10/03/2026
PO1444,Pinnacle,22/02/2026,213,183.45,Pavel Horák,09/03/2026
PO1445,NordicTech Solutions,08/04/2026,248,109.06,,22/04/2026
PO1446,Steadfast,03/04/2026,272,177.15,Ingrid Hansen,11/04/2026
PO1447,WestBridge Suppliers,01/05/2026,399,168.75,Sofia Rossi,17/05/2026
PO1448,Atlas Industrial Parts,16/04/2026,33,114.69,Mateo García,25/04/2026
PO1449,Nordic Freight,08/03/2026,293,187.28,Emma Johansson,26/03/2026
PO1450,NordicTech Solutions,09/02/2026,110,69.32,Laura Schmidt,21/02/2026
PO1451,UrbanSource Supplies,21/05/2026,345,188.98,Elena Petrova,03/06/2026
PO1452,UrbanSource Supplies,06/05/2026,245,37.81,Jakub Novák,16/05/2026
PO1453,Flow Freight,20/05/2026,260,40.89,Pavel Horák,26/05/2026
PO1454,Continental Solutions,09/01/2026,439,170.11,Felix Bauer,15/01/2026
PO1455,Acme Supplies,16/04/2026,80,169.3,Mateo García,23/04/2026
PO1456,ClearPath Solutions,08/02/2026,14,47.65,Ingrid Hansen,24/02/2026
PO1457,SameDay,04/05/2026,347,100.13,J. Kovacs,22/05/2026
PO1458,Acme Supplies,05/01/2026,281,145.83,Pavel Horák,19/01/2026
PO1459,Nordic Freight,09/05/2026,426,141.08,Marco Bianchi,19/05/2026
PO1460,Apex More,25/01/2026,278,34.04,Sofia Rossi,15/02/2026
PO1461,Steadfast,01/04/2026,146,160.01,Camila Cantrell,17/04/2026
PO1462,GlobalTrade Europe,28/04/2026,299,52.43,Marta Nowak,10/05/2026
PO1463,EuroSupply GmbH,21/01/2026,344,198.38,Katarina Jovanović,27/01/2026
PO1464,Zenith Freight,14/04/2026,204,78.55,Andreas Weber,20/04/2026
PO1465,Pioneer Logistics,03/01/2026,369,38.42,Andreas Weber,21/01/2026
PO1466,RedStone Materials,26/03/2026,299,195.58,Haley Rivas,16/04/2026
PO1467,BlueLine Logistics,28/02/2026,118,180.75,Marta Nowak,20/03/2026
PO1468,Vanguard,12/01/2026,483,19.5,Anna Kowalska,18/01/2026
PO1469,Quantum Express,22/03/2026,18,192.49,Emma Johansson,31/03/2026
PO1470,ClearPath Solutions,12/04/2026,485,20,Lukas Müller,24/04/2026
PO1471,DeltaPro Industries,10/04/2026,356,179.82,Elena Petrova,27/04/2026
PO1472,OmegaTech Europe,05/02/2026,414,197.75,Victor Popescu,12/02/2026
PO1473,Apex Distribution,30/03/2026,37,24.05,Mateo García,06/04/2026
PO1474,BlueRiver Logistics,12/04/2026,406,68.64,Katarina Jovanović,25/04/2026
PO1475,NovaEdge Services,06/05/2026,126,74.38,Laura Schmidt,24/05/2026
PO1476,Quantum Express,30/05/2026,348,79.11,Eva Andersson,13/06/2026
PO1477,Pinnacle,19/01/2026,52,57.25,Laura Schmidt,28/01/2026
PO1478,OmegaTech Europe,10/04/2026,172,75.34,Camila Cantrell,15/04/2026
PO1479,EuroSupply GmbH,24/04/2026,194,153.46,Haley Rivas,03/05/2026
PO1480,Zenith Freight,17/02/2026,230,92.52,,10/03/2026
PO1481,PrimeLine Manufacturing,27/01/2026,23,22.48,Pavel Horák,03/02/2026
PO1482,Everest Trading Co.,25/03/2026,452,80.12,Nicolas Dubois,12/04/2026
PO1483,AlphaCore Technologies,22/01/2026,381,180.72,Mateo García,12/02/2026
PO1484,Swiftstream Logistics,08/04/2026,96,32.07,Nicolas Dubois,21/04/2026
PO1485,UrbanSource Supplies,07/02/2026,42,37.61,Anna Kowalska,25/02/2026
PO1486,EuroSupply GmbH,04/05/2026,410,20,Anna Kowalska,16/05/2026
PO1487,WestBridge Suppliers,07/05/2026,314,125.25,,15/05/2026
PO1488,Flow Freight,19/03/2026,13,190.02,Elena Petrova,05/04/2026
PO1489,BlueRiver Logistics,23/04/2026,181,88.97,Katarina Jovanović,02/05/2026
PO1490,EuroSupply GmbH,24/03/2026,318,189.72,Sofia Rossi,13/04/2026
PO1491,Atlas Industrial Parts,15/02/2026,213,193.9,Nicolas Dubois,07/03/2026
PO1492,DeltaPro Industries,04/03/2026,176,78.33,Laura Schmidt,20/03/2026
PO1493,Shift Cargo,25/05/2026,112,120.48,Pavel Horák,04/06/2026
PO1494,Vantage Partners,21/05/2026,23,190.84,Ingrid Hansen,01/06/2026
PO1495,NovaEdge Services,16/03/2026,435,140.1,Marco Bianchi,05/04/2026
PO1496,Flow Freight,19/03/2026,133,54.27,Winter Underwood,06/04/2026
PO1497,AlphaCore Technologies,19/01/2026,239,198.19,Andreas Weber,05/02/2026
PO1498,FusionWorks Europe,10/05/2026,482,184.48,Marta Nowak,28/05/2026
PO1499,FusionWorks Europe,10/01/2026,414,193.84,Marta Nowak,17/01/2026
PO1500,Apex More,05/03/2026,346,134.62,Lukas Müller,11/03/2026
PO1501,DeltaPro Industries,13/04/2026,395,69.66,Marco Bianchi,21/04/2026
PO1502,Acme Supplies,26/01/2026,142,48.29,Victor Popescu,16/02/2026
PO1503,Helix Innovations,29/05/2026,362,117.17,Ingrid Hansen,14/06/2026
PO1504,GlobalTrade Europe,29/04/2026,405,137.51,Marta Nowak,20/05/2026
PO1505,Vectra Movers,30/03/2026,22,99.14,Nicolas Dubois,17/04/2026
PO1506,Zenith Freight,30/01/2026,435,188.43,Winter Underwood,15/02/2026
PO1507,EuroSupply GmbH,29/03/2026,243,157.93,Clara Silva,18/04/2026
PO1508,Vertex Systems,02/05/2026,59,90.44,Marta Nowak,21/05/2026
PO1509,Atlas Industrial Parts,18/01/2026,163,13.71,Marta Nowak,26/01/2026
PO1510,Nordic Freight,29/03/2026,341,26.33,Lukas Müller,10/04/2026
PO1511,Continental Solutions,14/02/2026,292,36.23,Pavel Horák,04/03/2026
PO1512,Titan Machinery Group,01/03/2026,418,83.98,Lukas Müller,11/03/2026
PO1513,Pioneer Logistics,21/04/2026,212,10.69,Thomas Lefèvre,02/05/2026
PO1514,NovaEdge Services,20/04/2026,209,5.87,Sofia Rossi,01/05/2026
PO1515,Vanguard,17/01/2026,305,24.84,,27/01/2026
PO1516,GreenField Components,25/03/2026,110,94.22,Anna Kowalska,14/04/2026
PO1517,Continental Solutions,22/03/2026,315,80.78,,30/03/2026
PO1518,Vertex Systems,01/04/2026,442,94.28,Lukas Müller,15/04/2026
PO1519,QuantumWare Ltd.,22/01/2026,354,31.12,Haley Rivas,03/02/2026
PO1520,EuroSupply GmbH,30/01/2026,103,77.79,Winter Underwood,20/02/2026
PO1521,AlphaCore Technologies,18/04/2026,315,31.88,Laura Schmidt,06/05/2026
PO1522,Quantum Express,05/05/2026,335,109.79,Katarina Jovanović,15/05/2026
PO1523,Helix Innovations,12/02/2026,260,61.32,Lukas Müller,27/02/2026
PO1524,NovaEdge Services,14/01/2026,453,75.01,J. Kovacs,03/02/2026
PO1525,Flow Freight,19/02/2026,427,79.87,Pavel Horák,12/03/2026
PO1526,RedStone Materials,07/05/2026,219,138.52,Marco Bianchi,26/05/2026
PO1527,UrbanSource Supplies,12/02/2026,52,115.25,Eva Andersson,24/02/2026
PO1528,NordicTech Solutions,09/01/2026,150,48.84,Nicolas Dubois,19/01/2026
PO1529,Titan Machinery Group,25/05/2026,390,155.65,Andreas Weber,15/06/2026
PO1530,Shift Cargo,27/05/2026,68,57.24,,12/06/2026
PO1531,FusionWorks Europe,11/01/2026,399,145.2,Pavel Horák,22/01/2026
PO1532,SilverOak Consulting,27/01/2026,386,166.86,Eva Andersson,08/02/2026
PO1533,EuroSupply GmbH,09/01/2026,240,56.25,Camila Cantrell,28/01/2026
PO1534,Shift Cargo,02/03/2026,117,163.09,,18/03/2026
PO1535,ClearPath Solutions,20/04/2026,94,125.15,Sofia Rossi,01/05/2026
PO1536,SameDay,26/05/2026,189,108.79,Thomas Lefèvre,05/06/2026
PO1537,Atlas Industrial Parts,16/03/2026,158,116.68,Clara Silva,24/03/2026
PO1538,Flow Freight,16/04/2026,480,16.56,Anna Kowalska,25/04/2026
PO1539,IronGate Engineering,03/02/2026,137,33.52,Elena Petrova,15/02/2026
PO1540,Vantage Partners,11/04/2026,260,32.72,Katarina Jovanović,24/04/2026
PO1541,Pioneer Logistics,17/04/2026,202,93.14,Katarina Jovanović,24/04/2026
PO1542,GlobalTrade Europe,12/05/2026,393,59.25,Jakub Novák,31/05/2026
PO1543,UrbanSource Supplies,25/03/2026,307,5.48,Eva Andersson,01/04/2026
PO1544,WestBridge Suppliers,28/04/2026,335,134.51,Jakub Novák,05/05/2026
PO1545,FusionWorks Europe,12/04/2026,121,193.79,,02/05/2026
PO1546,Vanguard,24/03/2026,434,60.3,Pavel Horák,02/04/2026
PO1547,DeltaPro Industries,05/05/2026,413,72.03,Felix Bauer,11/05/2026
PO1548,BlueLine Logistics,26/01/2026,330,157.86,Ingrid Hansen,31/01/2026
PO1549,Shift Cargo,10/02/2026,235,94.02,Marco Bianchi,21/02/2026
PO1550,IronGate Engineering,03/02/2026,461,131.75,Lukas Müller,16/02/2026
PO1551,Zenith Freight,03/04/2026,138,21.07,Felix Bauer,13/04/2026
PO1552,SameDay,12/04/2026,330,64.57,Marta Nowak,24/04/2026
PO1553,SilverOak Consulting,24/01/2026,370,23.56,Sofia Rossi,13/02/2026
PO1554,Mustang101,03/02/2026,313,49.11,Felix Bauer,22/02/2026
PO1555,Acme Supplies,03/01/2026,366,72,Haley Rivas,21/01/2026
PO1556,IronGate Engineering,03/02/2026,254,18.81,Laura Schmidt,10/02/2026
PO1557,WestBridge Suppliers,27/01/2026,62,66.1,Nicolas Dubois,05/02/2026
PO1558,AlphaCore Technologies,04/02/2026,338,198.62,Winter Underwood,11/02/2026
PO1559,Continental Solutions,25/05/2026,14,124.01,,13/06/2026
PO1560,Vertex Systems,24/02/2026,331,150.91,Marco Bianchi,15/03/2026
PO1561,Wayfinder Logistics,23/01/2026,469,24.59,Eva Andersson,31/01/2026
PO1562,Orion Business Services,09/04/2026,189,192.83,,18/04/2026
PO1563,Pinnacle,12/03/2026,340,21.43,Pavel Horák,26/03/2026
PO1564,IronGate Engineering,07/01/2026,444,170.18,Nicolas Dubois,18/01/2026
PO1565,Continental Solutions,11/05/2026,106,150.83,Nicolas Dubois,17/05/2026
PO1566,Pinnacle,07/05/2026,207,26.99,Andreas Weber,14/05/2026
PO1567,Continental Solutions,04/01/2026,194,187.12,Winter Underwood,21/01/2026
PO1568,DeltaPro Industries,18/04/2026,197,111.54,Lukas Müller,08/05/2026
PO1569,Mustang101,05/01/2026,310,18.17,Anna Kowalska,16/01/2026
PO1570,BlueLine Logistics,16/01/2026,495,158.91,Clara Silva,30/01/2026
PO1571,Pioneer Logistics,09/05/2026,402,86.01,Marta Nowak,26/05/2026
PO1572,Zenith Freight,18/05/2026,285,125.13,Anna Kowalska,25/05/2026
PO1573,EuroSupply GmbH,21/01/2026,271,184.58,Winter Underwood,05/02/2026
PO1574,GlobalTrade Europe,31/05/2026,334,153.83,Katarina Jovanović,07/06/2026
PO1575,EuroSupply GmbH,22/04/2026,383,190.92,Mateo García,28/04/2026
PO1576,Pinnacle,23/01/2026,483,89.72,Ingrid Hansen,29/01/2026
PO1577,EuroSupply GmbH,14/02/2026,71,7.47,Winter Underwood,19/02/2026
PO1578,Swiftstream Logistics,08/05/2026,497,72.61,Clara Silva,21/05/2026
PO1579,Swiftstream Logistics,06/04/2026,74,151.21,Anna Kowalska,14/04/2026
PO1580,Nordic Freight,27/03/2026,423,88.72,Clara Silva,03/04/2026
PO1581,Steadfast,28/05/2026,331,20.03,Ingrid Hansen,18/06/2026
PO1582,GreenField Components,15/01/2026,265,172.58,Lukas Müller,31/01/2026
PO1583,Swiftstream Logistics,07/03/2026,405,25.07,Emma Johansson,15/03/2026
PO1584,Anchor,11/05/2026,11,13.59,J. Kovacs,23/05/2026
PO1585,BlueLine Logistics,01/05/2026,196,79.68,Winter Underwood,11/05/2026
PO1586,BlueLine Logistics,22/05/2026,421,183.22,Victor Popescu,09/06/2026
PO1587,Anchor,24/03/2026,137,86.17,Victor Popescu,08/04/2026
PO1588,Vanguard,20/01/2026,302,77.7,Clara Silva,26/01/2026
PO1589,Quantum Express,27/02/2026,421,105.58,A. Nagy,16/03/2026
PO1590,Mustang101,30/04/2026,453,60.05,Nicolas Dubois,15/05/2026
PO1591,Zenith Freight,22/05/2026,243,6.55,Sofia Rossi,05/06/2026
PO1592,DeltaPro Industries,19/03/2026,388,126.43,Ingrid Hansen,04/04/2026
PO1593,Orion Business Services,07/05/2026,405,156.3,Victor Popescu,19/05/2026
PO1594,Vectra Movers,02/01/2026,487,84.96,Mateo García,18/01/2026
PO1595,Pioneer Logistics,03/01/2026,496,70.33,Eva Andersson,20/01/2026
PO1596,OmegaTech Europe,20/03/2026,63,45.01,Mateo García,07/04/2026
PO1597,UrbanSource Supplies,16/01/2026,82,143.77,Camila Cantrell,22/01/2026
PO1598,Anchor,14/05/2026,221,141.67,Jakub Novák,02/06/2026
PO1599,OmegaTech Europe,22/01/2026,307,23.64,Winter Underwood,08/02/2026
PO1600,Mustang101,26/05/2026,41,89.82,Winter Underwood,07/06/2026
PO1601,NordicTech Solutions,08/03/2026,445,66.43,Laura Schmidt,23/03/2026
PO1602,Atlas Industrial Parts,26/04/2026,149,50.55,Sofia Rossi,05/05/2026
PO1603,Orion Business Services,28/01/2026,89,25.6,Ingrid Hansen,16/02/2026
PO1604,Atlas Industrial Parts,15/04/2026,71,109.51,Eva Andersson,26/04/2026
PO1605,NovaEdge Services,20/03/2026,247,56.68,Haley Rivas,27/03/2026
PO1606,Swiftstream Logistics,19/03/2026,433,142.42,Thomas Lefèvre,25/03/2026
PO1607,Wayfinder Logistics,25/03/2026,85,22.79,Mateo García,10/04/2026
PO1608,GlobalTrade Europe,12/05/2026,35,137.05,Anna Kowalska,22/05/2026
PO1609,Nordic Freight,14/04/2026,447,93.18,Victor Popescu,26/04/2026
PO1610,Apex More,29/04/2026,62,161.76,Winter Underwood,07/05/2026
PO1611,Acme Supplies,16/01/2026,435,157.29,Mateo García,25/01/2026
PO1612,Compass Crate,13/04/2026,200,138.83,Katarina Jovanović,20/04/2026
PO1613,Orion Business Services,31/05/2026,142,183.9,Camila Cantrell,05/06/2026
PO1614,Mustang101,20/02/2026,472,130.97,Winter Underwood,27/02/2026
PO1615,BlueRiver Logistics,01/02/2026,31,188.74,A. Nagy,11/02/2026
PO1616,DeltaPro Industries,21/04/2026,430,146.26,Andreas Weber,26/04/2026
PO1617,AlphaCore Technologies,20/04/2026,98,74.02,Lukas Müller,03/05/2026
PO1618,Vanguard,25/04/2026,462,33.98,Thomas Lefèvre,07/05/2026
PO1619,RedStone Materials,17/03/2026,265,85.34,Pavel Horák,06/04/2026
PO1620,SameDay,23/01/2026,153,79.69,Marco Bianchi,03/02/2026
PO1621,RedStone Materials,15/05/2026,137,128,Pavel Horák,20/05/2026
PO1622,AlphaCore Technologies,02/04/2026,255,111.18,Andreas Weber,18/04/2026
PO1623,DeltaPro Industries,09/05/2026,174,80.73,Lukas Müller,14/05/2026
PO1624,Atlas Industrial Parts,26/02/2026,25,179.67,Eva Andersson,11/03/2026
PO1625,SameDay,01/05/2026,281,74.7,Emma Johansson,13/05/2026
PO1626,Swiftstream Logistics,26/01/2026,136,133.09,Anna Kowalska,01/02/2026
PO1627,Anchor,28/05/2026,443,196.62,Laura Schmidt,13/06/2026
PO1628,Quantum Express,15/02/2026,131,120.54,Victor Popescu,03/03/2026
PO1629,Orion Business Services,08/01/2026,370,141.61,Emma Johansson,17/01/2026
PO1630,DeltaPro Industries,18/02/2026,438,197.66,Andreas Weber,04/03/2026
PO1631,Quantum Express,06/05/2026,29,22.6,Mateo García,18/05/2026
PO1632,Nordic Freight,15/05/2026,254,5.13,Thomas Lefèvre,26/05/2026
PO1633,Flow Freight,29/03/2026,377,39.6,Elena Petrova,04/04/2026
PO1634,Nordic Freight,07/02/2026,310,142.42,Winter Underwood,15/02/2026
PO1635,Continental Solutions,04/04/2026,47,77.85,,21/04/2026
PO1636,Orion Business Services,26/01/2026,182,63.84,Winter Underwood,05/02/2026
PO1637,WestBridge Suppliers,22/04/2026,415,129.66,Andreas Weber,07/05/2026
PO1638,Quantum Express,24/05/2026,365,178.47,Thomas Lefèvre,09/06/2026
PO1639,Anchor,31/05/2026,427,39.19,Nicolas Dubois,14/06/2026
PO1640,Flow Freight,15/02/2026,383,5.35,Marta Nowak,04/03/2026
PO1641,DeltaPro Industries,09/01/2026,103,122.47,Thomas Lefèvre,21/01/2026
PO1642,Pioneer Logistics,25/05/2026,63,187.65,Winter Underwood,09/06/2026
PO1643,OmegaTech Europe,20/01/2026,131,72.63,Elena Petrova,30/01/2026
PO1644,Pioneer Logistics,23/01/2026,430,143.25,Katarina Jovanović,07/02/2026
PO1645,NovaEdge Services,03/01/2026,145,45.89,Marta Nowak,10/01/2026
PO1646,Vertex Systems,07/03/2026,412,26.07,J. Kovacs,13/03/2026
PO1647,AlphaCore Technologies,23/04/2026,385,86.83,Lukas Müller,11/05/2026
PO1648,UrbanSource Supplies,07/04/2026,189,111.47,Haley Rivas,27/04/2026
PO1649,DeltaPro Industries,27/02/2026,93,93,,13/03/2026
PO1650,Nordic Freight,23/03/2026,143,190.57,Camila Cantrell,07/04/2026
PO1651,Swiftstream Logistics,07/04/2026,92,147.74,Pavel Horák,14/04/2026
PO1652,BlueRiver Logistics,04/05/2026,370,11.04,Katarina Jovanović,14/05/2026
PO1653,Everest Trading Co.,22/04/2026,90,15.44,Elena Petrova,03/05/2026
PO1654,Compass Crate,15/04/2026,366,113.05,Victor Popescu,28/04/2026
PO1655,Skyline Equipment,14/03/2026,162,51.32,A. Nagy,31/03/2026
PO1656,DeltaPro Industries,21/05/2026,440,100.73,A. Nagy,06/06/2026
PO1657,Acme Supplies,20/04/2026,54,62.44,Felix Bauer,10/05/2026
PO1658,Compass Crate,25/01/2026,23,45.36,Katarina Jovanović,08/02/2026
PO1659,Zenith Freight,02/05/2026,442,27.52,Laura Schmidt,22/05/2026
PO1660,UrbanSource Supplies,09/03/2026,56,130.16,Laura Schmidt,19/03/2026
PO1661,GreenField Components,08/04/2026,199,41.38,A. Nagy,21/04/2026
PO1662,NovaEdge Services,30/04/2026,144,49.12,Anna Kowalska,06/05/2026
PO1663,Vectra Movers,25/01/2026,53,135.29,,12/02/2026
PO1664,Orion Business Services,28/02/2026,293,16.89,Laura Schmidt,21/03/2026
PO1665,PrimeLine Manufacturing,18/05/2026,361,174.04,Andreas Weber,30/05/2026
PO1666,BrightWave Electronics,18/03/2026,50,81.99,Marta Nowak,24/03/2026
PO1667,Apex Distribution,27/05/2026,471,105.78,Emma Johansson,05/06/2026
PO1668,Shift Cargo,25/04/2026,98,190.07,Lukas Müller,06/05/2026
PO1669,Compass Crate,02/02/2026,31,87.56,Felix Bauer,20/02/2026
PO1670,Compass Crate,07/02/2026,437,121.03,Elena Petrova,14/02/2026
PO1671,Zenith Freight,10/04/2026,294,82.48,Elena Petrova,23/04/2026
PO1672,Continental Solutions,28/04/2026,479,175.33,Marta Nowak,19/05/2026
PO1673,PrimeLine Manufacturing,29/01/2026,222,34.18,Emma Johansson,06/02/2026
PO1674,Apex More,25/05/2026,409,24.69,,10/06/2026
PO1675,PrimeLine Manufacturing,09/03/2026,206,132.68,Emma Johansson,29/03/2026
PO1676,BlueLine Logistics,14/02/2026,151,83.58,Thomas Lefèvre,03/03/2026
PO1677,BlueLine Logistics,12/04/2026,465,176.4,Marta Nowak,24/04/2026
PO1678,SameDay,02/05/2026,481,57.37,Jakub Novák,07/05/2026
PO1679,BlueRiver Logistics,19/03/2026,169,59.67,Andreas Weber,27/03/2026
PO1680,Anchor,04/02/2026,163,194.97,Ingrid Hansen,19/02/2026
PO1681,Vanguard,17/04/2026,319,130.88,Sofia Rossi,06/05/2026
PO1682,Wayfinder Logistics,15/04/2026,389,99.47,Clara Silva,01/05/2026
PO1683,SameDay,12/05/2026,415,36,Nicolas Dubois,02/06/2026
PO1684,GlobalTrade Europe,04/02/2026,409,171,Emma Johansson,09/02/2026
PO1685,Quantum Express,19/02/2026,458,167.42,A. Nagy,03/03/2026
PO1686,BlueLine Logistics,27/04/2026,35,184.02,Marta Nowak,08/05/2026
PO1687,Vanguard,05/04/2026,431,95.52,Laura Schmidt,13/04/2026
PO1688,Vantage Partners,08/01/2026,133,77.63,Thomas Lefèvre,27/01/2026
PO1689,Quantum Express,02/05/2026,310,112.51,Jakub Novák,12/05/2026
PO1690,Steadfast,24/01/2026,155,10.35,A. Nagy,03/02/2026
PO1691,DeltaPro Industries,24/02/2026,448,48.16,Mateo García,07/03/2026
PO1692,Vanguard,15/04/2026,272,8.91,Eva Andersson,20/04/2026
PO1693,BrightWave Electronics,03/02/2026,341,38.77,J. Kovacs,15/02/2026
PO1694,Steadfast,20/03/2026,374,193.57,Katarina Jovanović,02/04/2026
PO1695,SilverOak Consulting,07/04/2026,446,73,Anna Kowalska,18/04/2026
PO1696,Titan Machinery Group,19/03/2026,356,106.52,,05/04/2026
PO1697,Orion Business Services,27/01/2026,13,104.75,Felix Bauer,12/02/2026
PO1698,Helix Innovations,14/03/2026,162,138.46,Andreas Weber,21/03/2026
PO1699,BlueRiver Logistics,12/03/2026,337,68.4,Anna Kowalska,25/03/2026
